Model,Regime,Sharpe Ratio,Max Drawdown,Annualized Return,Calmar Ratio,Volatility,N Days
1/N Baseline,Bull,1.7858064197113965,-0.058962450335701536,0.18823488968594315,3.192453648283468,0.10689409032598686,521
1/N Baseline,Bear,-0.4098299514322606,-0.21621747924368087,-0.09303589011055036,-0.4302884782302789,0.1929675725590643,259
1/N Baseline,HighVol,1.42626534486186,-0.03708047274486599,0.16319665323438604,4.401148128754145,0.11021183118838129,65
Proposed GAT,Bull,2.5261578485046776,-0.04870734964695496,0.3862613007272686,7.930246739496255,0.10286134325416003,521
Proposed GAT,Bear,-0.016942725511561084,-0.18161960760659468,-0.020749650876973225,-0.1142478565525752,0.1888990100518791,259
Proposed GAT,HighVol,2.1356375151421645,-0.034390760134431514,0.2587677872321952,7.524340439719468,0.11062659180219868,65
