Fold,Fold_Name,Sharpe_Ratio,Total_Return,Annual_Return,Max_Drawdown,Volatility,Calmar_Ratio,Win_Rate
1,Baseline Period,2.389222987127974,0.3108052545161711,0.2999349323697673,-0.06386347913860005,0.11250038678725811,4.696501606478908,0.5961538461538461
2,COVID-19 Stress,0.7822751205052205,0.21520314405899518,0.20706305477338272,-0.2823191629767696,0.29741567851286316,0.7334360607693524,0.5287356321839081
3,Aggressive Bull,2.587955710530383,0.33561782575627136,0.32377770329765765,-0.04655205362497693,0.11081736749952951,6.955175509678025,0.5692307692307692
4,Inflation/Rate Shock,-0.008635763470900625,-0.01967843436359102,-0.01915171098445856,-0.18099419441601172,0.18823739057435032,-0.10581395191294762,0.4749034749034749
5,SVB Crisis,2.0560817774830626,0.5243609434647034,0.2266683809403207,-0.09370453359037369,0.10193180470258785,2.418969203039782,0.5423076923076923
