Regime,Comparison,Wilcoxon_Statistic,P_Value,Effect_Size,Reject_H0,Significance
Bull,GAT-PPO vs GCN-PPO,91440.0,1.810398795144203e-20,0.6927481300780226,True,***
Bull,GAT-PPO vs Vanilla PPO,146947.0,0.764154215272491,0.5062364334052405,False,ns
High-Vol,GAT-PPO vs GCN-PPO,7406.0,2.3438244242429027e-10,0.7374038222884091,True,***
High-Vol,GAT-PPO vs Vanilla PPO,12889.0,0.25114751126918755,0.5429918802964224,False,ns
